{
  "info": {
    "name": "Assignment4 Bookstore RBAC (JWT + bcrypt)",
    "_postman_id": "6d86390a-f21d-43c1-9b6e-6c37a2d83e6b",
    "schema": "https://schema.getpostman.com/json/collection/v2.1.0/collection.json"
  },
  "item": [
    {
      "name": "Auth",
      "item": [
        {
          "name": "Register Admin",
          "request": {
            "method": "POST",
            "header": [
              {
                "key": "Content-Type",
                "value": "application/json"
              }
            ],
            "url": {
              "raw": "{{baseUrl}}/api/auth/register",
              "host": [
                "{{baseUrl}}"
              ],
              "path": [
                "api",
                "auth",
                "register"
              ]
            },
            "body": {
              "mode": "raw",
              "raw": "{\n  \"email\": \"admin@mail.com\",\n  \"password\": \"Admin123!\",\n  \"role\": \"admin\"\n}"
            }
          }
        },
        {
          "name": "Register User",
          "request": {
            "method": "POST",
            "header": [
              {
                "key": "Content-Type",
                "value": "application/json"
              }
            ],
            "url": {
              "raw": "{{baseUrl}}/api/auth/register",
              "host": [
                "{{baseUrl}}"
              ],
              "path": [
                "api",
                "auth",
                "register"
              ]
            },
            "body": {
              "mode": "raw",
              "raw": "{\n  \"email\": \"user@mail.com\",\n  \"password\": \"User123!\",\n  \"role\": \"user\"\n}"
            }
          }
        },
        {
          "name": "Login Admin (save token manually to {{adminToken}})",
          "request": {
            "method": "POST",
            "header": [
              {
                "key": "Content-Type",
                "value": "application/json"
              }
            ],
            "url": {
              "raw": "{{baseUrl}}/api/auth/login",
              "host": [
                "{{baseUrl}}"
              ],
              "path": [
                "api",
                "auth",
                "login"
              ]
            },
            "body": {
              "mode": "raw",
              "raw": "{\n  \"email\": \"admin@mail.com\",\n  \"password\": \"Admin123!\"\n}"
            }
          }
        },
        {
          "name": "Login User (save token manually to {{userToken}})",
          "request": {
            "method": "POST",
            "header": [
              {
                "key": "Content-Type",
                "value": "application/json"
              }
            ],
            "url": {
              "raw": "{{baseUrl}}/api/auth/login",
              "host": [
                "{{baseUrl}}"
              ],
              "path": [
                "api",
                "auth",
                "login"
              ]
            },
            "body": {
              "mode": "raw",
              "raw": "{\n  \"email\": \"user@mail.com\",\n  \"password\": \"User123!\"\n}"
            }
          }
        },
        {
          "name": "Me (requires any token)",
          "request": {
            "method": "GET",
            "header": [
              {
                "key": "Authorization",
                "value": "Bearer {{adminToken}}"
              }
            ],
            "url": {
              "raw": "{{baseUrl}}/api/auth/me",
              "host": [
                "{{baseUrl}}"
              ],
              "path": [
                "api",
                "auth",
                "me"
              ]
            }
          }
        }
      ]
    },
    {
      "name": "Books (GET public, write admin-only)",
      "item": [
        {
          "name": "GET all books (public)",
          "request": {
            "method": "GET",
            "url": {
              "raw": "{{baseUrl}}/api/books",
              "host": [
                "{{baseUrl}}"
              ],
              "path": [
                "api",
                "books"
              ]
            }
          }
        },
        {
          "name": "POST create book (admin -> 201)",
          "request": {
            "method": "POST",
            "header": [
              {
                "key": "Content-Type",
                "value": "application/json"
              },
              {
                "key": "Authorization",
                "value": "Bearer {{adminToken}}"
              }
            ],
            "url": {
              "raw": "{{baseUrl}}/api/books",
              "host": [
                "{{baseUrl}}"
              ],
              "path": [
                "api",
                "books"
              ]
            },
            "body": {
              "mode": "raw",
              "raw": "{\n  \"title\": \"Clean Code\",\n  \"author\": \"Robert C. Martin\",\n  \"price\": 6000,\n  \"category\": \"Programming\",\n  \"inStock\": true\n}"
            }
          }
        },
        {
          "name": "POST create book (user -> 403 Forbidden)",
          "request": {
            "method": "POST",
            "header": [
              {
                "key": "Content-Type",
                "value": "application/json"
              },
              {
                "key": "Authorization",
                "value": "Bearer {{userToken}}"
              }
            ],
            "url": {
              "raw": "{{baseUrl}}/api/books",
              "host": [
                "{{baseUrl}}"
              ],
              "path": [
                "api",
                "books"
              ]
            },
            "body": {
              "mode": "raw",
              "raw": "{\n  \"title\": \"Should Fail\",\n  \"author\": \"User\",\n  \"price\": 1,\n  \"category\": \"Test\",\n  \"inStock\": true\n}"
            }
          }
        },
        {
          "name": "PUT update book (admin -> 200) (set {{bookId}} first)",
          "request": {
            "method": "PUT",
            "header": [
              {
                "key": "Content-Type",
                "value": "application/json"
              },
              {
                "key": "Authorization",
                "value": "Bearer {{adminToken}}"
              }
            ],
            "url": {
              "raw": "{{baseUrl}}/api/books/{{bookId}}",
              "host": [
                "{{baseUrl}}"
              ],
              "path": [
                "api",
                "books",
                "{{bookId}}"
              ]
            },
            "body": {
              "mode": "raw",
              "raw": "{\n  \"price\": 6500\n}"
            }
          }
        },
        {
          "name": "DELETE book (admin -> 200) (set {{bookId}} first)",
          "request": {
            "method": "DELETE",
            "header": [
              {
                "key": "Authorization",
                "value": "Bearer {{adminToken}}"
              }
            ],
            "url": {
              "raw": "{{baseUrl}}/api/books/{{bookId}}",
              "host": [
                "{{baseUrl}}"
              ],
              "path": [
                "api",
                "books",
                "{{bookId}}"
              ]
            }
          }
        }
      ]
    },
    {
      "name": "Orders (GET public, write admin-only)",
      "item": [
        {
          "name": "GET all orders (public)",
          "request": {
            "method": "GET",
            "url": {
              "raw": "{{baseUrl}}/api/orders",
              "host": [
                "{{baseUrl}}"
              ],
              "path": [
                "api",
                "orders"
              ]
            }
          }
        },
        {
          "name": "POST create order (admin -> 201) (set {{bookId}} first)",
          "request": {
            "method": "POST",
            "header": [
              {
                "key": "Content-Type",
                "value": "application/json"
              },
              {
                "key": "Authorization",
                "value": "Bearer {{adminToken}}"
              }
            ],
            "url": {
              "raw": "{{baseUrl}}/api/orders",
              "host": [
                "{{baseUrl}}"
              ],
              "path": [
                "api",
                "orders"
              ]
            },
            "body": {
              "mode": "raw",
              "raw": "{\n  \"customerName\": \"Daryn\",\n  \"customerEmail\": \"daryn@mail.com\",\n  \"items\": [\n    {\n      \"bookId\": \"{{bookId}}\",\n      \"quantity\": 2\n    }\n  ]\n}"
            }
          }
        },
        {
          "name": "POST create order (user -> 403 Forbidden)",
          "request": {
            "method": "POST",
            "header": [
              {
                "key": "Content-Type",
                "value": "application/json"
              },
              {
                "key": "Authorization",
                "value": "Bearer {{userToken}}"
              }
            ],
            "url": {
              "raw": "{{baseUrl}}/api/orders",
              "host": [
                "{{baseUrl}}"
              ],
              "path": [
                "api",
                "orders"
              ]
            },
            "body": {
              "mode": "raw",
              "raw": "{\n  \"customerName\": \"User\",\n  \"customerEmail\": \"user@mail.com\",\n  \"items\": [\n    {\n      \"bookId\": \"{{bookId}}\",\n      \"quantity\": 1\n    }\n  ]\n}"
            }
          }
        }
      ]
    }
  ],
  "variable": [
    {
      "key": "baseUrl",
      "value": "http://localhost:3000"
    },
    {
      "key": "adminToken",
      "value": ""
    },
    {
      "key": "userToken",
      "value": ""
    },
    {
      "key": "bookId",
      "value": ""
    }
  ]
}